{
    "English": "Hello world",
    "French": "Bonjour le monde",
    "Hindi": "Namastey sansar",
    "German": "Hallo Welt",
    "Spanish": "Hola mundo",
    "Italian": "Ciao mondo",
    "Japanese": "こんにちは世界",
    "Korean": "안녕하세요 세계",
    "Marathi": "नमस्कार विश्व",
    "Arabic": "مرحبا بالعالم",
    "Russian": "Привет мир",
    "Portuguese": "Olá mundo",
    "Dutch": "Hallo wereld",
    "Swedish": "Hej världen",
    "Turkish": "Merhaba dünya",
    "Polish": "Witaj świecie",
    "Danish": "Hej verden",
    "Finnish": "Hei maailma",
    "Norwegian": "Hei verden",
    "Czech": "Ahoj světe",
    "Hungarian": "Helló világ",
    "Romanian": "Salut lume",
    "Bulgarian": "Здравей свят",
    "Croatian": "Pozdrav svijete",
    "Slovenian": "Pozdravljen svet",
    "Lithuanian": "Sveiki pasauli",
    "Latvian": "Sveika pasaule",
    "Estonian": "Tere maailm",
    "Belarusian": "Прывітанне свет",
    "Ukrainian": "Привіт світ",
    "Serbian": "Здраво свет",
    "Slovak": "Ahoj svet",
    "Macedonian": "Здраво свет",
    "Albanian": "Përshëndetje mëre",
    "Bosnian": "Zdravo svijete",
    "Montenegrin": "Zdravo svijete",
    "Slovene": "Pozdravljen svet",
    "Maltese": "Bongu",
    "Icelandic": "Halló heimur",
    "Indonesian": "Halo dunia",
    "Hebrew": "שלום עולם",
    "Georgian": "გამარჯობა მსოფლიო",
    "Greek": "Γειά σου Κόσμος",
    "Catalan": "Hola món",
    "Basque": "Kaixo mundua",
    "Galician": "Ola mundo",
    "Euskara": "Kaixo mundua",
    "Esperanto": "Saluton mondo",
    "Valencian": "Hola món",
    "Welsh": "Helo byd",
    "Malay": "Halo dunia",
    "Malayalam": "ഹലോ വേരു",
    "Kannada": "ಹಲೋ ವರ್ಲೋ",
    "Tamil": "வணக்கம் உலக",
    "Telugu": "హలో వర్లో",
    "Gujarati": "હેલો વર્લો",
    "Bengali": "হ্যালো বিশ্ব"



}
